INSERT INTO
  members_label (id, label)
VALUES
  (1, '가족'),
  (2, '친구'),
  (3, '회사'),
  (4, '삼성(거래처)'),
  (5, '현대(거래처)');

INSERT INTO
  members_contact (
    id,
    name,
    email,
    phone,
    profile_image_url,
    company,
    position,
    memo,
    address,
    birthday,
    website,
    created_at,
    updated_at
  )
VALUES
  (
    1,
    '김민준',
    'minjun.kim@example.com',
    '010-1234-5678',
    'https://example.com/profile/1.jpg',
    'ABC Tech',
    '소프트웨어 엔지니어',
    '백엔드 개발 담당',
    '서울시 강남구 테헤란로',
    '1990-05-15',
    'https://github.com/minjunkim',
    CURRENT_TIMESTAMP,
    CURRENT_TIMESTAMP
  ),
  (
    2,
    '이서연',
    'seoyeon.lee@example.com',
    '010-2345-6789',
    NULL,
    '가나다 F&B',
    '마케팅 팀장',
    '신제품 마케팅 관련 논의 필요',
    '서울시 마포구 연남동',
    '1992-11-20',
    NULL,
    CURRENT_TIMESTAMP,
    CURRENT_TIMESTAMP
  ),
  (
    3,
    '박도윤',
    'doyoon.park@example.com',
    '010-3456-7890',
    'https://example.com/profile/3.jpg',
    '디자인 스튜디오',
    'UI/UX 디자이너',
    NULL,
    '경기도 성남시 분당구',
    NULL,
    'https://dribbble.com/doyoon',
    CURRENT_TIMESTAMP,
    CURRENT_TIMESTAMP
  ),
  (
    4,
    '최지우',
    'jiwoo.choi@example.com',
    '010-4567-8901',
    NULL,
    NULL,
    NULL,
    '대학 동기',
    '부산시 해운대구',
    '1995-02-10',
    NULL,
    CURRENT_TIMESTAMP,
    CURRENT_TIMESTAMP
  ),
  (
    5,
    '정시우',
    'siwoo.jeong@example.com',
    '010-5678-9012',
    'https://example.com/profile/5.jpg',
    'XYZ 파트너스',
    '컨설턴트',
    '2025년 3분기 프로젝트 담당',
    '서울시 중구',
    NULL,
    NULL,
    CURRENT_TIMESTAMP,
    CURRENT_TIMESTAMP
  ),
  (
    6,
    '강하윤',
    'hayoon.kang@example.com',
    '010-6789-0123',
    'https://example.com/profile/6.jpg',
    '대한병원',
    '의사',
    NULL,
    '인천시 연수구 송도동',
    '1988-09-03',
    NULL,
    CURRENT_TIMESTAMP,
    CURRENT_TIMESTAMP
  ),
  (
    7,
    '조은우',
    'eunwoo.jo@example.com',
    '010-7890-1234',
    NULL,
    NULL,
    NULL,
    NULL,
    '광주시 서구',
    NULL,
    NULL,
    CURRENT_TIMESTAMP,
    CURRENT_TIMESTAMP
  ),
  (
    8,
    '윤서아',
    'seoa.yoon@example.com',
    '010-8901-2345',
    'https://example.com/profile/8.jpg',
    'ABC Tech',
    '프로덕트 매니저',
    '차기 프로젝트 기획 담당자',
    '경기도 수원시 영통구',
    '1993-07-25',
    NULL,
    CURRENT_TIMESTAMP,
    CURRENT_TIMESTAMP
  ),
  (
    9,
    '장지호',
    'jiho.jang@example.com',
    '010-9012-3456',
    NULL,
    '한국대학교',
    '교수',
    'AI 관련 자문',
    '대전시 유성구',
    '1985-12-30',
    'https://lab.korea.ac.kr/jihojang',
    CURRENT_TIMESTAMP,
    CURRENT_TIMESTAMP
  ),
  (
    10,
    '임하은',
    'haeun.lim@example.com',
    '010-0123-4567',
    'https://example.com/profile/10.jpg',
    NULL,
    '프리랜서 번역가',
    NULL,
    '제주도 제주시',
    NULL,
    NULL,
    CURRENT_TIMESTAMP,
    CURRENT_TIMESTAMP
  );

INSERT INTO
  members_contact_labels (contact_id, label_id)
VALUES
  (1, 3),
  (2, 4),
  (3, 3),
  (4, 2),
  (5, 4),
  (5, 5),
  (6, 1),
  (8, 3),
  (9, 3);